{
  "repoSenseVersion": "0c9e261b17",
  "reportGeneratedTime": "Thu Apr 23 13:47:48 2020 UTC",
  "reportGenerationTime": " 2 minute(s) 16.31 second(s)",
  "repos": [],
  "errorList": [
    {
      "repoName": "AY1920S1-CS2103-F09-4/main[master]",
      "errorMessage": "Failed to clone from https://github.com/AY1920S1-CS2103-F09-4/main.git"
    },
    {
      "repoName": "AY1920S1-CS2103-F09-1/main[master]",
      "errorMessage": "Failed to clone from https://github.com/AY1920S1-CS2103-F09-1/main.git"
    },
    {
      "repoName": "AY1920S1-CS2103-F09-2/main[master]",
      "errorMessage": "Failed to clone from https://github.com/AY1920S1-CS2103-F09-2/main.git"
    },
    {
      "repoName": "AY1920S1-CS2103-F09-3/main[master]",
      "errorMessage": "Failed to clone from https://github.com/AY1920S1-CS2103-F09-3/main.git"
    }
  ],
  "sinceDate": "2019-08-12",
  "untilDate": "2019-11-15",
  "isSinceDateProvided": true,
  "isUntilDateProvided": true
}
