{"repoSenseVersion":"973817c84b","reportGeneratedTime":"Wed Feb 10 16:50:40 2021 UTC","reportGenerationTime":" 32.52 second(s)","zoneId":"UTC","reportTitle":"RepoSense Report","repos":[{"location":{"location":"https://github.com/AY1920S1-CS2103-F09-1/main.git","repoName":"main","organization":"AY1920S1-CS2103-F09-1"},"branch":"master","displayName":"AY1920S1-CS2103-F09-1/main[master]","outputFolderName":"AY1920S1-CS2103-F09-1_main_master"},{"location":{"location":"https://github.com/AY1920S1-CS2103-F09-2/main.git","repoName":"main","organization":"AY1920S1-CS2103-F09-2"},"branch":"master","displayName":"AY1920S1-CS2103-F09-2/main[master]","outputFolderName":"AY1920S1-CS2103-F09-2_main_master"},{"location":{"location":"https://github.com/AY1920S1-CS2103-F09-3/main.git","repoName":"main","organization":"AY1920S1-CS2103-F09-3"},"branch":"master","displayName":"AY1920S1-CS2103-F09-3/main[master]","outputFolderName":"AY1920S1-CS2103-F09-3_main_master"},{"location":{"location":"https://github.com/AY1920S1-CS2103-F09-4/main.git","repoName":"main","organization":"AY1920S1-CS2103-F09-4"},"branch":"master","displayName":"AY1920S1-CS2103-F09-4/main[master]","outputFolderName":"AY1920S1-CS2103-F09-4_main_master"}],"errorList":[],"sinceDate":"2019-08-12","untilDate":"2019-11-15","isSinceDateProvided":true,"isUntilDateProvided":true}
