{
  "authorDailyContributionsMap": {
    "chowyiwai": [],
    "andyylam": [],
    "LiuZechu": [],
    "yaaanch": [],
    "halfwhole": []
  },
  "authorFinalContributionMap": {
    "chowyiwai": 0,
    "andyylam": 0,
    "LiuZechu": 0,
    "yaaanch": 0,
    "halfwhole": 0
  },
  "authorFileTypeContributionMap": {
    "chowyiwai": {},
    "andyylam": {},
    "LiuZechu": {},
    "yaaanch": {},
    "halfwhole": {}
  },
  "authorContributionVariance": {
    "chowyiwai": 0.0,
    "andyylam": 0.0,
    "LiuZechu": 0.0,
    "yaaanch": 0.0,
    "halfwhole": 0.0
  },
  "authorDisplayNameMap": {
    "chowyiwai": "CS2103-F09-3 CHOW  ... I WAI",
    "andyylam": "CS2103-F09-3 ANDY  ... K WEE",
    "LiuZechu": "CS2103-F09-3 LIU Z ... ZECHU",
    "yaaanch": "CS2103-F09-3 ONG Y ...  CHUN",
    "halfwhole": "CS2103-F09-3 LIM Z ... I WEI"
  }
}
